City_ID,City,Country,Lat,Lng,Max Temp,Humidity,Cloudiness,Wind Speed,Current Description,Date
0,Solnechnyy,RU,50.7214,136.6319,2.05,96,97,4.97,overcast clouds,2022-01-12 00:09:30
1,Kapaa,US,22.0752,-159.319,78.78,69,0,1.99,clear sky,2022-01-12 00:08:01
2,Ushuaia,AR,-54.8,-68.3,47.82,76,90,2.48,overcast clouds,2022-01-12 00:07:50
3,Prince Rupert,CA,54.3161,-130.3201,42.89,87,100,8.05,overcast clouds,2022-01-12 00:08:23
4,Mataura,NZ,-46.1927,168.8643,54.48,91,100,10.22,overcast clouds,2022-01-12 00:07:52
5,Puerto Ayora,EC,-0.7393,-90.3518,73.83,85,40,8.9,scattered clouds,2022-01-12 00:08:24
6,Broken Hill,AU,-31.95,141.4333,93.56,32,0,14.12,clear sky,2022-01-12 00:08:14
7,Mar Del Plata,AR,-38.0023,-57.5575,71.1,79,0,1.99,clear sky,2022-01-12 00:06:14
8,Rikitea,PF,-23.1203,-134.9692,77.52,74,4,18.45,clear sky,2022-01-12 00:07:54
9,Busselton,AU,-33.65,115.3333,74.05,48,74,9.89,broken clouds,2022-01-12 00:08:01
10,Jhargram,IN,22.45,86.9833,62.96,85,100,1.45,overcast clouds,2022-01-12 00:13:51
11,Sinnamary,GF,5.3833,-52.95,76.71,84,63,5.5,broken clouds,2022-01-12 00:13:52
12,Atherton,GB,53.5237,-2.4935,41.72,92,7,1.01,clear sky,2022-01-12 00:13:52
13,San Angelo,US,31.4638,-100.437,46.33,68,0,3.0,clear sky,2022-01-12 00:09:42
14,Hilo,US,19.7297,-155.09,80.33,71,0,10.36,clear sky,2022-01-12 00:05:12
15,Enumclaw,US,47.2043,-121.9915,52.03,95,100,4.56,light rain,2022-01-12 00:13:53
16,Tasiilaq,GL,65.6145,-37.6368,28.56,95,100,9.95,light snow,2022-01-12 00:09:41
17,Kibala,TD,9.1104,18.3463,77.04,25,24,7.02,few clouds,2022-01-12 00:13:53
18,Baracoa,CU,20.3467,-74.4958,74.41,83,74,7.02,broken clouds,2022-01-12 00:13:53
19,Casa Nova,BR,-9.4167,-41.1333,75.18,68,67,5.28,broken clouds,2022-01-12 00:13:54
20,Tuatapere,NZ,-46.1333,167.6833,54.82,85,98,15.52,overcast clouds,2022-01-12 00:08:45
21,Saint-Philippe,RE,-21.3585,55.7679,76.59,81,100,14.38,light rain,2022-01-12 00:08:55
22,Bathsheba,BB,13.2167,-59.5167,76.78,69,24,12.44,few clouds,2022-01-12 00:08:48
23,San Cristobal,VE,7.7669,-72.225,71.78,81,99,2.26,overcast clouds,2022-01-12 00:10:29
24,Mizdah,LY,31.4451,12.9801,43.27,77,6,13.94,clear sky,2022-01-12 00:13:55
25,Sao Filipe,CV,14.8961,-24.4956,72.9,65,61,1.28,broken clouds,2022-01-12 00:08:52
26,Rio Gallegos,AR,-51.6226,-69.2181,55.62,42,100,18.81,overcast clouds,2022-01-12 00:11:33
27,Provideniya,RU,64.3833,-173.3,14.11,67,47,24.61,scattered clouds,2022-01-12 00:10:20
28,Lebu,CL,-37.6167,-73.65,60.53,80,0,9.37,clear sky,2022-01-12 00:08:53
29,Norman Wells,CA,65.282,-126.8329,-6.23,91,100,7.96,overcast clouds,2022-01-12 00:07:56
30,Sembe,CG,1.6481,14.5806,74.39,57,91,2.44,overcast clouds,2022-01-12 00:13:55
31,Alofi,NU,-19.0595,-169.9187,81.3,77,99,10.96,overcast clouds,2022-01-12 00:08:47
32,Pahrump,US,36.2083,-115.9839,61.05,19,50,1.01,scattered clouds,2022-01-12 00:13:56
33,Tuktoyaktuk,CA,69.4541,-133.0374,-12.59,89,100,5.5,overcast clouds,2022-01-12 00:08:32
34,Albany,US,42.6001,-73.9662,6.8,62,4,2.8,clear sky,2022-01-12 00:07:49
35,Kodiak,US,57.79,-152.4072,35.11,100,100,3.44,fog,2022-01-12 00:08:17
36,Barrow,US,71.2906,-156.7887,-2.18,78,100,10.36,haze,2022-01-12 00:08:17
37,Inirida,CO,3.8653,-67.9239,80.51,54,65,0.2,broken clouds,2022-01-12 00:13:57
38,Cape Town,ZA,-33.9258,18.4232,64.35,77,93,4.0,overcast clouds,2022-01-12 00:07:57
39,Zelezny Brod,CZ,50.6427,15.2541,25.02,93,17,0.45,few clouds,2022-01-12 00:13:57
40,Jinchang,CN,38.4953,102.1739,18.68,65,100,6.46,overcast clouds,2022-01-12 00:13:57
41,Jamestown,US,42.097,-79.2353,17.71,74,0,5.99,clear sky,2022-01-12 00:07:21
42,Port Elizabeth,ZA,-33.918,25.5701,62.1,85,85,7.0,overcast clouds,2022-01-12 00:08:37
43,Iqaluit,CA,63.7506,-68.5145,-29.31,73,89,3.36,overcast clouds,2022-01-12 00:05:19
44,New Norfolk,AU,-42.7826,147.0587,64.65,54,28,4.07,scattered clouds,2022-01-12 00:08:12
45,Kahului,US,20.8947,-156.47,78.96,73,40,16.11,scattered clouds,2022-01-12 00:07:53
46,Vila,PT,42.0304,-8.1588,43.32,92,4,4.72,clear sky,2022-01-12 00:13:58
47,Saint-Leu,RE,-21.15,55.2833,76.06,77,100,2.95,overcast clouds,2022-01-12 00:13:59
48,Dong Xoai,VN,11.5333,106.9167,65.86,83,32,3.22,scattered clouds,2022-01-12 00:13:59
49,Gonbad-E Qabus,IR,37.25,55.1672,49.5,59,95,1.97,overcast clouds,2022-01-12 00:13:59
50,Morant Bay,JM,17.8815,-76.4093,73.65,83,19,6.91,few clouds,2022-01-12 00:14:00
51,Richards Bay,ZA,-28.783,32.0377,74.23,93,100,11.79,light rain,2022-01-12 00:14:00
52,Melito Di Porto Salvo,IT,37.9222,15.7714,55.9,66,75,6.91,broken clouds,2022-01-12 00:14:01
53,Emerald,AU,-23.5333,148.1667,83.34,50,3,9.01,clear sky,2022-01-12 00:14:01
54,Port-Gentil,GA,-0.7193,8.7815,79.47,82,99,8.72,light rain,2022-01-12 00:14:01
55,Atuona,PF,-9.8,-139.0333,78.22,74,30,11.27,scattered clouds,2022-01-12 00:08:02
56,Khatanga,RU,71.9667,102.5,-29.9,100,100,5.08,overcast clouds,2022-01-12 00:08:49
57,Ler,SS,8.3018,30.1418,80.53,32,57,4.85,broken clouds,2022-01-12 00:14:02
58,Qaanaaq,GL,77.484,-69.3632,-0.02,78,100,4.94,overcast clouds,2022-01-12 00:08:36
59,Avarua,CK,-21.2078,-159.775,78.85,89,75,11.5,light rain,2022-01-12 00:07:49
60,Punta Arenas,CL,-53.15,-70.9167,48.31,76,100,8.05,light rain,2022-01-12 00:07:13
61,Fairbanks,US,64.8378,-147.7164,8.1,81,90,0.0,light snow,2022-01-12 00:12:00
62,Biloela,AU,-24.4167,150.5,82.98,50,5,7.47,clear sky,2022-01-12 00:14:03
63,Severo-Kurilsk,RU,50.6789,156.125,29.28,84,79,10.02,broken clouds,2022-01-12 00:07:59
64,Fortuna,US,40.5982,-124.1573,58.93,81,0,1.01,clear sky,2022-01-12 00:08:18
65,Yellowknife,CA,62.456,-114.3525,-29.7,78,99,4.0,overcast clouds,2022-01-12 00:06:44
66,Pochutla,MX,15.7432,-96.4661,82.22,61,88,6.29,overcast clouds,2022-01-12 00:11:17
67,Vaini,TO,-21.2,-175.2,84.36,94,75,9.22,broken clouds,2022-01-12 00:08:08
68,Klaksvik,FO,62.2266,-6.589,49.12,88,100,38.01,overcast clouds,2022-01-12 00:09:07
69,Askarovo,RU,53.3372,58.5089,-1.25,85,75,8.95,mist,2022-01-12 00:14:03
70,Lazaro Cardenas,MX,17.9583,-102.2,80.64,60,49,4.21,scattered clouds,2022-01-12 00:10:49
71,Mudgee,AU,-32.5943,149.5871,77.05,65,40,8.05,scattered clouds,2022-01-12 00:14:04
72,Buchanan,LR,5.8808,-10.0467,80.26,82,62,10.42,broken clouds,2022-01-12 00:14:04
73,Vernon,CA,50.2581,-119.2691,40.14,75,100,8.01,overcast clouds,2022-01-12 00:10:19
74,Te Anau,NZ,-45.4167,167.7167,60.13,53,90,5.53,overcast clouds,2022-01-12 00:14:05
75,Nantucket,US,41.2835,-70.0995,17.71,61,20,10.36,few clouds,2022-01-12 00:09:34
76,Chokurdakh,RU,70.6333,147.9167,-20.2,99,100,3.24,overcast clouds,2022-01-12 00:09:08
77,Ionia,US,42.9873,-85.0711,27.09,64,0,17.27,clear sky,2022-01-12 00:13:23
78,Hermanus,ZA,-34.4187,19.2345,63.9,73,97,11.7,overcast clouds,2022-01-12 00:08:11
79,Kudahuvadhoo,MV,2.6708,72.8944,81.39,75,76,8.37,broken clouds,2022-01-12 00:08:28
80,Mareeba,AU,-17.0,145.4333,80.44,82,76,4.68,broken clouds,2022-01-12 00:14:05
81,Husavik,IS,66.0449,-17.3389,27.21,78,28,18.52,scattered clouds,2022-01-12 00:09:57
82,Hamilton,US,39.1834,-84.5333,31.23,51,0,1.01,clear sky,2022-01-12 00:09:27
83,Arraial Do Cabo,BR,-22.9661,-42.0278,75.18,90,99,6.24,overcast clouds,2022-01-12 00:08:26
84,Torbay,CA,47.6666,-52.7314,21.58,86,100,8.05,light shower snow,2022-01-12 00:10:31
85,Buala,SB,-8.145,159.5921,84.99,71,91,6.51,light rain,2022-01-12 00:09:39
86,Abu Samrah,SY,35.3029,37.1841,48.87,63,56,4.79,broken clouds,2022-01-12 00:10:53
87,Grajau,BR,-5.8194,-46.1386,73.42,96,100,3.74,overcast clouds,2022-01-12 00:14:07
88,Butaritari,KI,3.0707,172.7902,81.48,81,89,16.15,moderate rain,2022-01-12 00:07:58
89,Hundested,DK,55.9667,11.8667,36.91,96,100,15.5,overcast clouds,2022-01-12 00:14:07
90,Dunedin,NZ,-45.8742,170.5036,56.66,64,75,16.73,broken clouds,2022-01-12 00:11:26
91,Kybartai,LT,54.6386,22.7632,18.36,88,7,2.93,clear sky,2022-01-12 00:14:08
92,East London,ZA,-33.0153,27.9116,67.71,81,64,7.78,broken clouds,2022-01-12 00:08:11
93,Bredasdorp,ZA,-34.5322,20.0403,61.29,70,100,7.14,overcast clouds,2022-01-12 00:08:29
94,Petropavlovka,RU,50.6114,105.3196,-12.48,96,37,3.74,scattered clouds,2022-01-12 00:12:13
95,Plaster Rock,CA,46.9065,-67.39,-8.88,96,73,3.44,broken clouds,2022-01-12 00:14:08
96,Salalah,OM,17.0151,54.0924,68.09,60,0,3.44,clear sky,2022-01-12 00:11:00
97,Methoni,GR,36.8197,21.7049,49.86,65,89,15.35,overcast clouds,2022-01-12 00:14:09
98,Russkaya Polyana,UA,49.417,31.9201,15.87,86,100,13.78,overcast clouds,2022-01-12 00:14:09
99,Isernia,IT,41.6002,14.2382,36.48,87,31,8.23,scattered clouds,2022-01-12 00:14:10
100,Mana,GF,5.6592,-53.7767,76.23,85,52,5.46,broken clouds,2022-01-12 00:14:10
101,Tecoanapa,MX,16.5167,-98.75,81.1,60,58,5.44,broken clouds,2022-01-12 00:10:38
102,Dikson,RU,73.5069,80.5464,-8.23,97,100,13.49,light snow,2022-01-12 00:07:55
103,Belousovka,KZ,50.1339,82.5239,-15.0,76,100,0.0,fog,2022-01-12 00:14:11
104,Palmer,US,42.1584,-72.3287,10.47,56,0,1.01,clear sky,2022-01-12 00:08:24
105,Port Lincoln,AU,-34.7333,135.8667,70.12,59,75,6.22,broken clouds,2022-01-12 00:11:01
106,Manoel Urbano,BR,-8.8389,-69.2597,78.04,79,82,2.48,light rain,2022-01-12 00:08:48
107,Katsuura,JP,35.1333,140.3,45.19,45,24,4.16,few clouds,2022-01-12 00:09:01
108,Longyearbyen,SJ,78.2186,15.6401,31.84,74,40,12.66,scattered clouds,2022-01-12 00:06:04
109,Bambous Virieux,MU,-20.3428,57.7575,77.22,85,100,14.29,light rain,2022-01-12 00:07:52
110,Hithadhoo,MV,-0.6,73.0833,82.42,71,100,10.0,overcast clouds,2022-01-12 00:08:31
111,Mansa,IN,29.9833,75.3833,47.43,83,0,3.71,clear sky,2022-01-12 00:14:12
112,Taltal,CL,-25.4,-70.4833,69.89,75,87,5.08,overcast clouds,2022-01-12 00:14:12
113,Isangel,VU,-19.55,169.2667,81.61,83,100,15.79,overcast clouds,2022-01-12 00:07:47
114,San Patricio,US,28.017,-97.5169,62.58,58,53,7.56,broken clouds,2022-01-12 00:08:30
115,Saskylakh,RU,71.9167,114.0833,-36.02,99,89,5.12,overcast clouds,2022-01-12 00:07:56
116,Pirayu,PY,-25.4833,-57.2333,82.53,33,1,4.76,clear sky,2022-01-12 00:14:13
117,Zhangye,CN,38.9342,100.4517,15.73,71,73,3.29,broken clouds,2022-01-12 00:14:13
118,Deputatskiy,RU,69.3,139.9,-24.81,97,96,3.74,overcast clouds,2022-01-12 00:14:14
119,Altea,ES,38.5989,-0.0514,51.78,79,1,6.17,clear sky,2022-01-12 00:14:14
120,Wynyard,AU,-41.0,145.7167,66.97,66,14,8.9,few clouds,2022-01-12 00:11:49
121,Bethel,US,41.3712,-73.414,17.49,63,0,0.0,clear sky,2022-01-12 00:08:02
122,Ndungu,TZ,-4.3667,38.05,69.12,87,74,4.34,broken clouds,2022-01-12 00:14:14
123,Carballo,ES,43.213,-8.691,54.01,90,83,8.48,broken clouds,2022-01-12 00:14:15
124,Ancud,CL,-41.8697,-73.8203,62.13,80,0,4.16,clear sky,2022-01-12 00:09:00
125,Lasa,IT,46.6166,10.7002,25.36,45,6,7.74,clear sky,2022-01-12 00:08:42
126,Porto Novo,BJ,6.4965,2.6036,81.18,80,97,6.73,overcast clouds,2022-01-12 00:14:15
127,San Quintin,MX,30.4833,-115.95,67.26,41,100,4.16,overcast clouds,2022-01-12 00:11:37
128,Saint George,US,37.1041,-113.5841,57.67,26,0,3.0,clear sky,2022-01-12 00:07:37
129,Chuy,UY,-33.6971,-53.4616,72.57,68,0,7.52,moderate rain,2022-01-12 00:08:06
130,Purranque,CL,-40.9167,-73.1667,70.29,56,0,5.03,clear sky,2022-01-12 00:14:16
131,Berlevag,NO,70.8578,29.0864,28.45,80,100,19.6,overcast clouds,2022-01-12 00:11:30
132,Grand Island,US,40.925,-98.342,49.28,33,0,4.61,clear sky,2022-01-12 00:14:16
133,Kaitangata,NZ,-46.2817,169.8464,56.41,73,99,15.73,overcast clouds,2022-01-12 00:08:19
134,College,US,64.8569,-147.8028,7.59,81,100,0.0,light snow,2022-01-12 00:06:12
135,Port Hardy,CA,50.6996,-127.4199,45.75,98,100,16.28,light rain,2022-01-12 00:09:37
136,Tiksi,RU,71.6872,128.8694,-13.02,91,100,8.16,overcast clouds,2022-01-12 00:08:35
137,Baoqing,CN,46.3317,132.2111,-8.55,89,18,7.25,few clouds,2022-01-12 00:14:17
138,Talnakh,RU,69.4865,88.3972,-9.8,98,100,5.26,overcast clouds,2022-01-12 00:10:17
139,Lillooet,CA,50.6856,-121.942,44.04,95,100,3.78,overcast clouds,2022-01-12 00:14:17
140,Dillon,US,34.4166,-79.3712,37.65,39,0,5.66,clear sky,2022-01-12 00:14:18
141,Hervey Bay,AU,-25.2986,152.8535,80.71,68,26,5.01,scattered clouds,2022-01-12 00:09:34
142,Ilulissat,GL,69.2167,-51.1,19.42,86,75,19.57,light snow,2022-01-12 00:08:41
143,Beisfjord,NO,68.3751,17.5988,39.25,94,100,12.37,light rain,2022-01-12 00:14:18
144,Swan River,CA,52.1058,-101.2676,14.31,96,100,8.55,overcast clouds,2022-01-12 00:14:19
145,Mahebourg,MU,-20.4081,57.7,77.25,85,100,14.34,light rain,2022-01-12 00:08:04
146,Dicabisagan,PH,17.0818,122.4157,71.53,87,85,8.03,overcast clouds,2022-01-12 00:11:34
147,Sulangan,PH,11.1373,123.7228,79.93,75,32,19.57,scattered clouds,2022-01-12 00:14:19
148,Huanren,CN,41.2647,125.3667,1.36,88,21,1.45,few clouds,2022-01-12 00:14:20
149,Gavle,SE,60.6745,17.1417,34.5,93,100,5.99,overcast clouds,2022-01-12 00:14:20
150,Port Hedland,AU,-20.3167,118.5667,95.05,43,59,10.36,broken clouds,2022-01-12 00:08:16
151,Amapa,BR,1.0,-52.0,71.94,97,100,2.59,overcast clouds,2022-01-12 00:10:58
152,Victoria,HK,22.2855,114.1577,60.24,77,98,4.0,overcast clouds,2022-01-12 00:04:02
153,Pinas,EC,-3.6667,-79.65,70.18,82,88,2.8,overcast clouds,2022-01-12 00:14:21
154,Airai,TL,-8.9266,125.4092,68.49,75,98,3.47,overcast clouds,2022-01-12 00:08:18
155,Lata,PT,40.1629,-8.3327,53.06,87,8,4.03,clear sky,2022-01-12 00:11:57
156,Manjakandriana,MG,-18.9167,47.8,62.29,96,98,1.03,overcast clouds,2022-01-12 00:14:21
157,Chaoyang,CN,41.5703,120.4586,14.65,38,97,1.88,overcast clouds,2022-01-12 00:14:22
158,Bengkulu,ID,-3.8004,102.2655,75.06,85,83,3.36,broken clouds,2022-01-12 00:08:32
159,Nadym,RU,65.5333,72.5167,-1.5,98,90,7.72,overcast clouds,2022-01-12 00:14:22
160,Russell,US,32.3502,-85.1999,46.0,70,0,3.44,clear sky,2022-01-12 00:14:22
161,Souillac,MU,-20.5167,57.5167,77.36,88,100,11.95,light rain,2022-01-12 00:08:51
162,Guerrero Negro,MX,27.9769,-114.0611,71.91,39,100,6.13,overcast clouds,2022-01-12 00:09:00
163,Patiya,BD,22.2931,91.9762,59.36,80,7,4.29,clear sky,2022-01-12 00:14:23
164,Nuuk,GL,64.1835,-51.7216,20.01,79,90,6.91,light snow,2022-01-12 00:14:23
165,Pisco,PE,-13.7,-76.2167,71.65,83,75,6.91,broken clouds,2022-01-12 00:08:55
166,Sfantu Gheorghe,RO,45.8667,25.7833,23.27,74,11,2.62,few clouds,2022-01-12 00:14:24
167,Pontes E Lacerda,BR,-15.2261,-59.3353,77.09,78,53,1.45,broken clouds,2022-01-12 00:14:24
168,Manakara,MG,-22.1333,48.0167,73.26,97,88,7.4,overcast clouds,2022-01-12 00:14:24
169,Dauphin,CA,51.1494,-100.0502,21.15,96,68,6.6,light snow,2022-01-12 00:09:08
170,Cabo San Lucas,MX,22.8909,-109.9124,82.06,58,20,5.01,few clouds,2022-01-12 00:08:16
171,Pionerskiy,RU,54.9508,20.2275,24.75,82,98,10.76,overcast clouds,2022-01-12 00:14:25
172,Hobart,AU,-42.8794,147.3294,65.01,77,75,1.99,broken clouds,2022-01-12 00:07:52
173,Cambridge,CA,43.3601,-80.3127,17.78,86,40,1.01,scattered clouds,2022-01-12 00:12:01
174,Cherskiy,RU,68.75,161.3,-31.52,99,72,3.11,broken clouds,2022-01-12 00:09:46
175,Lardos,GR,36.0942,28.0157,55.22,80,77,10.89,broken clouds,2022-01-12 00:14:26
176,Cap Malheureux,MU,-19.9842,57.6142,77.47,90,100,5.01,overcast clouds,2022-01-12 00:11:39
177,Zonguldak,TR,41.25,31.8333,41.95,98,100,4.81,overcast clouds,2022-01-12 00:14:26
178,Nikolskoye,RU,59.7035,30.7861,0.81,99,36,4.43,scattered clouds,2022-01-12 00:08:31
179,Sitka,US,57.0531,-135.33,42.69,87,100,5.75,light rain,2022-01-12 00:07:53
180,Lagos,NG,6.5833,3.75,79.72,85,98,3.15,overcast clouds,2022-01-12 00:06:51
181,Praia Da Vitoria,PT,38.7333,-27.0667,61.75,91,38,18.07,scattered clouds,2022-01-12 00:09:47
182,Port Alfred,ZA,-33.5906,26.891,66.6,88,57,10.33,broken clouds,2022-01-12 00:08:16
183,Borovichi,RU,58.3878,33.9155,-14.44,100,100,0.81,overcast clouds,2022-01-12 00:14:27
184,Hovd,MN,48.0056,91.6419,-3.14,80,19,2.95,few clouds,2022-01-12 00:14:27
185,Blythe,US,33.6103,-114.5964,72.05,12,0,12.66,clear sky,2022-01-12 00:14:28
186,Ornskoldsvik,SE,63.2909,18.7153,25.75,100,75,3.44,fog,2022-01-12 00:14:28
187,Hambantota,LK,6.1241,81.1185,76.05,88,46,4.41,scattered clouds,2022-01-12 00:10:22
188,Bluff,NZ,-46.6,168.3333,54.81,81,97,24.72,overcast clouds,2022-01-12 00:07:51
189,Bin Qirdan,TN,33.1378,11.2197,51.26,64,22,14.41,few clouds,2022-01-12 00:14:29
190,Mae Sai,TH,20.4335,99.8762,61.45,78,93,1.45,overcast clouds,2022-01-12 00:14:29
191,Venezuela,VE,8.0,-66.0,84.58,44,57,9.15,broken clouds,2022-01-12 00:11:54
192,Susanville,US,40.4163,-120.653,43.81,67,0,1.99,clear sky,2022-01-12 00:14:29
193,Mopipi,BW,-21.1833,24.8833,72.5,76,100,8.5,overcast clouds,2022-01-12 00:14:30
194,Touros,BR,-5.1989,-35.4608,80.19,72,60,9.51,broken clouds,2022-01-12 00:10:01
195,Akmene,LT,56.25,22.75,11.05,91,6,5.73,clear sky,2022-01-12 00:14:30
196,Alyangula,AU,-13.8483,136.4192,79.79,81,100,26.37,heavy intensity rain,2022-01-12 00:08:46
197,Honiara,SB,-9.4333,159.95,84.65,75,100,7.94,moderate rain,2022-01-12 00:12:31
198,Nichinan,JP,31.6,131.3667,35.76,56,4,7.83,clear sky,2022-01-12 00:14:31
199,Shelbyville,US,35.4834,-86.4603,39.67,67,0,0.0,clear sky,2022-01-12 00:12:37
200,Gananoque,CA,44.3334,-76.1661,7.47,78,78,7.29,broken clouds,2022-01-12 00:14:31
201,Kilindoni,TZ,-7.9139,39.6668,81.7,75,99,15.08,overcast clouds,2022-01-12 00:11:27
202,Tynset,NO,62.2759,10.7824,20.82,100,99,5.39,overcast clouds,2022-01-12 00:14:32
203,Para De Minas,BR,-19.8603,-44.6083,67.39,96,99,1.07,moderate rain,2022-01-12 00:14:32
204,Thompson,CA,55.7435,-97.8558,-11.06,84,99,9.04,overcast clouds,2022-01-12 00:08:08
205,Terrell,US,32.736,-96.2753,54.75,35,0,4.61,clear sky,2022-01-12 00:14:32
206,Carnarvon,AU,-24.8667,113.6333,78.87,73,0,12.66,clear sky,2022-01-12 00:08:45
207,Itoman,JP,26.1247,127.6694,59.02,59,75,17.27,broken clouds,2022-01-12 00:09:30
208,Leningradskiy,RU,69.3833,178.4167,-18.08,96,93,7.49,overcast clouds,2022-01-12 00:09:52
209,Naryan-Mar,RU,67.6713,53.087,13.26,92,92,16.42,overcast clouds,2022-01-12 00:14:33
210,Camas,ES,37.402,-6.0331,53.01,84,0,3.0,clear sky,2022-01-12 00:14:33
211,Aragats,AM,40.4889,44.3528,22.57,96,86,6.08,overcast clouds,2022-01-12 00:14:34
212,Matara,LK,5.9485,80.5353,76.01,87,47,2.91,scattered clouds,2022-01-12 00:10:38
213,Teeli,RU,51.0333,90.2333,-12.75,95,100,1.23,overcast clouds,2022-01-12 00:14:34
214,Mandalgovi,MN,45.7625,106.2708,0.82,81,0,7.07,clear sky,2022-01-12 00:09:39
215,Bend,US,44.0582,-121.3153,52.88,42,20,3.0,few clouds,2022-01-12 00:09:39
216,Bida,NG,9.0833,6.0167,79.52,21,9,3.71,clear sky,2022-01-12 00:14:35
217,Basar,IN,27.9833,94.6667,53.06,64,81,2.21,broken clouds,2022-01-12 00:14:35
218,La Ronge,CA,55.1001,-105.2842,1.71,97,100,4.54,overcast clouds,2022-01-12 00:11:21
219,Villa Carlos Paz,AR,-31.4241,-64.4978,89.06,26,28,1.66,scattered clouds,2022-01-12 00:14:36
220,Arona,ES,28.0996,-16.681,61.39,57,0,1.99,clear sky,2022-01-12 00:14:36
221,Charters Towers,AU,-20.1,146.2667,86.31,46,55,12.55,broken clouds,2022-01-12 00:14:36
222,Hurghada,EG,27.2574,33.8129,60.21,44,0,1.43,clear sky,2022-01-12 00:14:37
223,Codrington,AU,-38.2667,141.9667,74.97,55,97,13.02,overcast clouds,2022-01-12 00:08:38
224,Chokwe,MZ,-24.5333,32.9833,74.41,90,97,4.94,light rain,2022-01-12 00:14:37
225,Nouadhibou,MR,20.931,-17.0347,66.38,62,90,12.62,overcast clouds,2022-01-12 00:08:40
226,Auki,SB,-8.7676,160.7034,82.0,82,100,8.08,overcast clouds,2022-01-12 00:14:38
227,Mackenzie,CA,55.2999,-123.1698,35.82,93,100,9.22,overcast clouds,2022-01-12 00:14:38
228,Tongchuan,CN,35.0806,109.0897,32.16,41,43,10.42,scattered clouds,2022-01-12 00:14:38
229,Ribeira Grande,PT,38.5167,-28.7,62.69,84,15,14.81,few clouds,2022-01-12 00:08:01
230,La Rioja,ES,42.25,-2.5,42.04,95,71,4.9,broken clouds,2022-01-12 00:10:23
231,Dandong,CN,40.1292,124.3947,9.03,54,6,4.97,clear sky,2022-01-12 00:14:39
232,Henties Bay,NA,-22.116,14.2845,64.85,95,8,3.85,clear sky,2022-01-12 00:10:44
233,Maceio,BR,-9.6658,-35.7353,79.16,71,59,9.66,broken clouds,2022-01-12 00:14:06
234,Vestmannaeyjar,IS,63.4427,-20.2734,39.42,69,100,36.71,overcast clouds,2022-01-12 00:08:05
235,Avon,US,41.4517,-82.0354,25.18,55,0,10.0,clear sky,2022-01-12 00:10:48
236,Praia,CV,14.9215,-23.5087,71.65,66,85,9.19,overcast clouds,2022-01-12 00:10:55
237,Acajutla,SV,13.5928,-89.8275,86.34,61,31,3.29,scattered clouds,2022-01-12 00:14:40
238,Yumen,CN,40.2833,97.2,15.69,69,8,9.24,clear sky,2022-01-12 00:14:40
239,Kavieng,PG,-2.5744,150.7967,84.0,69,49,5.61,scattered clouds,2022-01-12 00:07:57
240,Avera,US,33.194,-82.5271,42.71,51,0,5.12,clear sky,2022-01-12 00:11:07
241,Ostersund,SE,63.1792,14.6357,30.65,74,47,16.11,scattered clouds,2022-01-12 00:14:41
242,Verkhniy Ufaley,RU,56.0567,60.2306,6.01,97,100,5.61,overcast clouds,2022-01-12 00:14:41
243,Upernavik,GL,72.7868,-56.1549,-5.21,99,100,10.58,overcast clouds,2022-01-12 00:08:51
244,Saint-Joseph,RE,-21.3667,55.6167,75.58,80,100,12.77,overcast clouds,2022-01-12 00:11:27
245,Kieta,PG,-6.2167,155.6333,86.14,67,94,2.84,overcast clouds,2022-01-12 00:11:20
246,Harper,LR,4.375,-7.7169,79.23,80,59,8.68,broken clouds,2022-01-12 00:08:34
247,Muros,ES,42.7762,-9.0603,55.09,80,23,13.87,few clouds,2022-01-12 00:10:26
248,San Rafael Del Sur,NI,11.8485,-86.4384,83.3,47,1,15.66,clear sky,2022-01-12 00:14:42
249,Hendersonville,US,36.3048,-86.62,40.77,52,0,1.01,clear sky,2022-01-12 00:14:15
250,Itabira,BR,-19.6192,-43.2269,66.27,97,82,1.39,broken clouds,2022-01-12 00:14:42
251,Hofn,IS,64.2539,-15.2082,35.02,89,68,19.8,broken clouds,2022-01-12 00:08:58
252,Gizo,SB,-8.103,156.8419,84.51,73,100,10.67,light rain,2022-01-12 00:09:55
253,Halifax,CA,44.6453,-63.5724,4.68,73,90,5.99,overcast clouds,2022-01-12 00:13:58
254,Saldanha,ZA,-33.0117,17.9442,62.64,80,75,16.78,broken clouds,2022-01-12 00:09:29
255,Mahibadhoo,MV,3.7833,72.9667,81.09,73,74,6.91,broken clouds,2022-01-12 00:14:43
256,Cockburn Town,TC,21.4612,-71.1419,77.63,71,9,14.81,clear sky,2022-01-12 00:14:43
257,Kargat,RU,55.1956,80.2811,3.15,94,100,6.6,overcast clouds,2022-01-12 00:14:44
258,Kruisfontein,ZA,-34.0033,24.7314,59.88,93,87,2.57,overcast clouds,2022-01-12 00:11:37
259,Bosaso,SO,11.2842,49.1816,71.4,75,7,3.85,clear sky,2022-01-12 00:14:44
260,Nanortalik,GL,60.1432,-45.2371,15.46,76,72,11.14,broken clouds,2022-01-12 00:09:03
261,Taoudenni,ML,22.6783,-3.9836,61.79,8,32,7.58,scattered clouds,2022-01-12 00:14:45
262,Namatanai,PG,-3.6667,152.4333,85.42,67,25,7.27,scattered clouds,2022-01-12 00:14:45
263,Ambilobe,MG,-13.2,49.05,75.09,91,78,0.43,broken clouds,2022-01-12 00:14:46
264,Hasaki,JP,35.7333,140.8333,41.29,43,1,20.45,clear sky,2022-01-12 00:11:13
265,Mabaruma,GY,8.2,-59.7833,71.42,93,40,3.13,scattered clouds,2022-01-12 00:11:38
266,Rodrigues Alves,BR,-7.738,-72.6509,76.35,84,99,2.08,overcast clouds,2022-01-12 00:11:31
267,Dabat,ET,12.9842,37.765,55.44,56,34,5.64,scattered clouds,2022-01-12 00:14:46
268,Cabedelo,BR,-6.9811,-34.8339,79.47,77,90,11.83,overcast clouds,2022-01-12 00:14:46
269,Nurobod,UZ,40.9056,69.8023,34.65,31,100,8.1,overcast clouds,2022-01-12 00:14:47
270,Shimizu,JP,43.0061,142.8847,33.55,83,100,13.89,light snow,2022-01-12 00:14:47
271,Bima,ID,-8.4667,118.7167,81.73,81,81,0.87,broken clouds,2022-01-12 00:14:48
272,Inhambane,MZ,-23.865,35.3833,79.12,86,82,6.64,broken clouds,2022-01-12 00:14:48
273,Rocha,UY,-34.4833,-54.3333,75.18,52,0,6.78,clear sky,2022-01-12 00:12:26
274,Jalu,LY,29.0331,21.5482,54.57,51,33,8.81,scattered clouds,2022-01-12 00:10:12
275,Progreso,MX,21.2833,-89.6667,77.11,80,95,13.76,overcast clouds,2022-01-12 00:14:48
276,Juneau,US,58.3019,-134.4197,39.85,98,100,4.29,snow,2022-01-12 00:14:49
277,Mabopane,ZA,-25.4977,28.1007,65.44,79,66,6.6,broken clouds,2022-01-12 00:14:49
278,Luderitz,NA,-26.6481,15.1594,67.19,78,2,16.2,clear sky,2022-01-12 00:08:30
279,Tura,IN,25.5198,90.2201,59.65,76,100,1.97,overcast clouds,2022-01-12 00:09:03
280,Vila Franca Do Campo,PT,37.7167,-25.4333,63.01,82,47,15.82,scattered clouds,2022-01-12 00:11:24
281,Chapais,CA,49.7834,-74.8492,-18.62,87,100,11.23,overcast clouds,2022-01-12 00:14:50
282,Sur,OM,22.5667,59.5289,66.81,52,1,2.06,clear sky,2022-01-12 00:08:59
283,Ust-Kuyga,RU,70.0167,135.6,-28.32,99,98,4.5,overcast clouds,2022-01-12 00:12:12
284,Kutum,SD,14.2,24.6667,64.99,32,2,7.47,clear sky,2022-01-12 00:08:46
285,Okhotsk,RU,59.3833,143.3,-2.78,91,88,8.5,overcast clouds,2022-01-12 00:11:00
286,Phulabani,IN,20.4667,84.2333,61.05,98,95,2.89,overcast clouds,2022-01-12 00:08:16
287,Saint Anthony,US,45.0205,-93.218,37.33,72,1,5.01,clear sky,2022-01-12 00:14:51
288,Salina,US,38.8403,-97.6114,52.18,46,0,4.61,clear sky,2022-01-12 00:14:51
289,Fort Nelson,CA,58.8053,-122.7002,-2.61,78,75,2.3,broken clouds,2022-01-12 00:14:51
290,Sonqor,IR,34.7837,47.6004,38.21,93,100,3.87,overcast clouds,2022-01-12 00:14:52
291,Krasnopillya,UA,50.7746,35.2597,10.38,94,95,11.59,overcast clouds,2022-01-12 00:14:52
292,Kamina,CD,-8.7386,24.9906,65.23,96,100,2.91,light rain,2022-01-12 00:14:53
293,Conakry,GN,9.538,-13.6773,77.36,76,93,7.94,overcast clouds,2022-01-12 00:14:53
294,Kamenka,RU,51.3223,42.7678,22.75,97,100,6.67,snow,2022-01-12 00:14:53
295,Ponta Do Sol,PT,32.6667,-17.1,63.23,63,37,7.18,scattered clouds,2022-01-12 00:08:48
296,Bandarbeyla,SO,9.4942,50.8122,76.05,63,37,19.33,scattered clouds,2022-01-12 00:11:11
297,Hvolsvollur,IS,63.7533,-20.2243,36.81,70,100,25.08,heavy intensity rain,2022-01-12 00:14:54
298,Batagay-Alyta,RU,67.8006,130.4114,-9.83,91,100,1.14,overcast clouds,2022-01-12 00:14:54
299,North Bend,US,43.4065,-124.2243,58.15,91,90,5.75,overcast clouds,2022-01-12 00:14:54
300,Belmonte,BR,-15.8631,-38.8828,77.13,78,15,10.02,few clouds,2022-01-12 00:10:52
301,Labuhan,ID,-6.8844,112.2051,76.98,85,100,7.47,overcast clouds,2022-01-12 00:10:45
302,Kautokeino,NO,69.0125,23.0412,11.41,92,69,11.45,broken clouds,2022-01-12 00:14:55
303,Emet,TR,39.343,29.2585,41.68,93,100,2.75,overcast clouds,2022-01-12 00:14:55
304,Luena,AO,-11.7833,19.9167,63.27,98,100,3.15,light rain,2022-01-12 00:14:56
305,Sao Jose Da Coroa Grande,BR,-8.8978,-35.1478,78.46,75,64,7.9,broken clouds,2022-01-12 00:09:33
306,Winnemucca,US,40.973,-117.7357,42.85,56,0,4.61,clear sky,2022-01-12 00:13:38
307,Mpongwe,ZM,-13.5091,28.155,65.17,95,100,1.99,overcast clouds,2022-01-12 00:14:56
308,Turayf,SA,31.6725,38.6637,41.25,100,0,4.61,clear sky,2022-01-12 00:14:56
309,Cayenne,GF,4.9333,-52.3333,78.1,88,100,1.01,overcast clouds,2022-01-12 00:08:34
310,Marystown,CA,47.1666,-55.1483,21.85,100,95,1.01,snow,2022-01-12 00:14:57
311,Esperance,AU,-33.8667,121.9,68.61,58,17,12.53,few clouds,2022-01-12 00:07:59
312,Karimpur,IN,23.9667,88.6167,62.38,84,100,4.68,light rain,2022-01-12 00:14:57
313,Hagi,JP,34.4,131.4167,38.8,61,90,15.32,overcast clouds,2022-01-12 00:14:58
314,Bilibino,RU,68.0546,166.4372,-20.7,98,81,3.44,broken clouds,2022-01-12 00:10:31
315,Tautira,PF,-17.7333,-149.15,86.02,78,98,12.33,light rain,2022-01-12 00:10:53
316,Nagornskiy,RU,58.7731,57.5451,-11.85,98,22,1.83,few clouds,2022-01-12 00:14:58
317,Evensk,RU,61.95,159.2333,-4.65,84,7,4.45,clear sky,2022-01-12 00:11:15
318,Tsiroanomandidy,MG,-18.7667,46.0333,68.36,94,99,1.59,overcast clouds,2022-01-12 00:14:59
319,Grootfontein,NA,-19.5667,18.1167,74.77,15,98,10.36,overcast clouds,2022-01-12 00:14:59
320,Hualmay,PE,-11.0964,-77.6139,72.3,83,40,9.95,scattered clouds,2022-01-12 00:14:59
321,Yining,CN,29.0361,114.5636,38.48,86,0,1.52,clear sky,2022-01-12 00:15:00
322,Port Augusta,AU,-32.5,137.7667,100.71,54,0,11.83,clear sky,2022-01-12 00:08:40
323,Itarema,BR,-2.9248,-39.9167,78.55,80,80,10.29,broken clouds,2022-01-12 00:11:40
324,Naze,JP,28.3667,129.4833,51.17,69,100,19.39,overcast clouds,2022-01-12 00:10:33
325,Neiafu,TO,-18.65,-173.9833,84.88,79,75,5.75,broken clouds,2022-01-12 00:07:57
326,Morondava,MG,-20.2833,44.2833,80.55,77,83,3.8,broken clouds,2022-01-12 00:15:00
327,Narsaq,GL,60.9167,-46.05,12.42,79,36,5.59,scattered clouds,2022-01-12 00:08:47
328,Barra Do Garcas,BR,-15.89,-52.2567,72.12,97,80,4.07,broken clouds,2022-01-12 00:08:12
329,Havre,FR,49.5833,0.3333,45.0,93,100,3.44,overcast clouds,2022-01-12 00:15:01
330,Wuzhou,CN,23.4833,111.3167,47.12,73,47,2.75,scattered clouds,2022-01-12 00:15:01
331,Sept-Iles,CA,50.2001,-66.3821,-14.98,90,28,7.76,scattered clouds,2022-01-12 00:12:02
332,Langsa,ID,4.4683,97.9683,71.6,95,32,1.66,scattered clouds,2022-01-12 00:14:45
333,Georgetown,MY,5.4112,100.3354,76.95,76,20,2.3,few clouds,2022-01-12 00:06:49
334,Wang Saphung,TH,17.301,101.7685,67.75,94,8,0.0,clear sky,2022-01-12 00:15:02
335,Meulaboh,ID,4.1363,96.1285,75.76,87,74,4.21,broken clouds,2022-01-12 00:07:17
336,Apad,PH,13.815,122.7664,77.13,73,34,8.95,scattered clouds,2022-01-12 00:15:02
337,Port Hawkesbury,CA,45.6169,-61.3485,10.58,77,100,7.0,overcast clouds,2022-01-12 00:10:07
338,Gat,IL,31.61,34.7642,56.39,44,0,6.78,clear sky,2022-01-12 00:06:01
339,Langham,CA,52.3668,-106.9679,26.44,95,82,5.3,broken clouds,2022-01-12 00:15:03
340,Westport,US,41.1415,-73.3579,19.98,56,0,1.99,clear sky,2022-01-12 00:08:17
341,Aykhal,RU,66.0,111.5,-21.59,100,100,3.6,overcast clouds,2022-01-12 00:08:44
342,Bredy,RU,52.4153,60.3411,11.32,95,100,6.15,overcast clouds,2022-01-12 00:09:03
343,Nioro,GM,13.35,-15.75,78.76,28,72,7.47,broken clouds,2022-01-12 00:10:27
344,Xuddur,SO,4.1213,43.8894,69.93,51,3,12.97,clear sky,2022-01-12 00:15:04
345,Broome,US,42.2506,-75.833,9.66,69,0,1.01,clear sky,2022-01-12 00:15:04
346,Jingdezhen,CN,29.2947,117.2079,38.59,75,0,2.59,clear sky,2022-01-12 00:15:05
347,Kandi,BJ,11.1342,2.9386,74.79,21,95,4.68,overcast clouds,2022-01-12 00:15:05
348,Slavyanka,RU,42.8633,131.3847,8.51,54,1,8.81,clear sky,2022-01-12 00:15:05
349,Caarapo,BR,-22.6342,-54.8222,75.27,49,54,5.59,broken clouds,2022-01-12 00:15:06
350,Florida,US,28.7505,-82.5001,64.02,69,0,1.01,clear sky,2022-01-12 00:12:30
351,Casablanca,MA,33.5928,-7.6192,59.32,77,99,4.0,overcast clouds,2022-01-12 00:15:06
352,Pangnirtung,CA,66.1451,-65.7125,-29.33,99,100,1.97,overcast clouds,2022-01-12 00:10:02
353,Mehamn,NO,71.0357,27.8492,28.18,72,85,15.39,overcast clouds,2022-01-12 00:10:02
354,Pevek,RU,69.7008,170.3133,-24.93,98,96,5.48,overcast clouds,2022-01-12 00:08:34
355,Marawi,PH,7.9986,124.2928,68.65,85,38,1.86,scattered clouds,2022-01-12 00:07:49
356,Lorengau,PG,-2.0226,147.2712,84.29,73,13,7.94,few clouds,2022-01-12 00:07:51
357,Tessalit,ML,20.1986,1.0114,63.43,9,100,8.16,overcast clouds,2022-01-12 00:15:07
358,Kaeng Khoi,TH,14.5862,100.9976,72.16,59,60,3.18,broken clouds,2022-01-12 00:15:07
359,Alice Springs,AU,-23.7,133.8833,96.35,23,0,9.22,clear sky,2022-01-12 00:08:29
360,Develi,TR,38.3906,35.4922,43.95,94,100,8.63,overcast clouds,2022-01-12 00:15:08
361,Mayumba,GA,-3.432,10.6554,76.73,89,100,3.91,overcast clouds,2022-01-12 00:15:08
362,The Hammocks,US,25.6715,-80.4445,70.0,94,70,1.01,broken clouds,2022-01-12 00:15:08
363,Padang,ID,-0.9492,100.3543,77.27,81,72,3.85,broken clouds,2022-01-12 00:05:49
364,Tomatlan,MX,19.9333,-105.25,78.57,56,100,4.18,overcast clouds,2022-01-12 00:15:09
365,Sharon,US,41.2331,-80.4934,22.05,62,20,10.36,few clouds,2022-01-12 00:15:09
366,Kuytun,RU,54.3419,101.5036,5.76,88,100,5.48,overcast clouds,2022-01-12 00:15:10
367,Castro,BR,-24.7911,-50.0119,61.2,97,52,3.83,broken clouds,2022-01-12 00:07:54
368,Bahia Blanca,AR,-38.7196,-62.2724,71.82,48,0,15.55,clear sky,2022-01-12 00:11:42
369,Clyde River,CA,70.4692,-68.5914,-17.81,87,100,3.4,overcast clouds,2022-01-12 00:07:57
370,Yulara,AU,-25.2406,130.9889,96.64,17,0,14.97,clear sky,2022-01-12 00:10:01
371,Aklavik,CA,68.2191,-135.0107,-18.83,91,100,1.86,overcast clouds,2022-01-12 00:10:21
372,Geraldton,AU,-28.7667,114.6,77.41,73,40,10.36,scattered clouds,2022-01-12 00:09:35
373,Kloulklubed,PW,7.0419,134.2556,82.9,74,80,14.76,broken clouds,2022-01-12 00:09:05
374,Skibbereen,IE,51.55,-9.2667,42.6,77,75,2.89,broken clouds,2022-01-12 00:15:11
375,Pingdingshan,CN,33.7385,113.3012,35.06,70,1,3.8,clear sky,2022-01-12 00:15:11
376,Balikpapan,ID,-1.2675,116.8289,75.7,89,100,2.73,overcast clouds,2022-01-12 00:10:59
377,Kamaishi,JP,39.2667,141.8833,25.75,74,48,24.72,light snow,2022-01-12 00:15:12
378,Bridgetown,BB,13.1,-59.6167,77.47,69,39,13.4,scattered clouds,2022-01-12 00:10:25
379,Jambi,ID,-1.6,103.6167,73.31,96,100,1.81,overcast clouds,2022-01-12 00:15:12
380,Vadso,NO,70.0744,29.7487,25.68,85,100,20.11,overcast clouds,2022-01-12 00:15:13
381,Aksay,RU,47.26,39.87,36.25,76,100,11.01,moderate rain,2022-01-12 00:13:55
382,Langres,FR,47.8333,5.3333,29.25,94,7,5.7,clear sky,2022-01-12 00:15:13
383,Altay,CN,47.8667,88.1167,10.81,55,1,7.58,clear sky,2022-01-12 00:15:13
384,Portland,US,45.5234,-122.6762,57.22,88,100,1.01,overcast clouds,2022-01-12 00:07:47
385,Najran,SA,17.4924,44.1277,57.31,39,0,0.72,clear sky,2022-01-12 00:10:34
386,Vogan,TG,6.3333,1.5333,80.82,80,100,7.09,overcast clouds,2022-01-12 00:15:14
387,Vardo,NO,70.3705,31.1107,30.33,82,100,24.52,overcast clouds,2022-01-12 00:08:28
388,Contamana,PE,-7.3333,-75.0167,81.93,57,75,2.8,heavy intensity rain,2022-01-12 00:08:52
389,Cluses,FR,46.0625,6.575,38.39,72,14,5.75,few clouds,2022-01-12 00:15:14
390,Necochea,AR,-38.5473,-58.7368,66.04,67,0,13.06,clear sky,2022-01-12 00:15:15
391,Ust-Omchug,RU,61.15,149.6333,-23.3,100,83,1.25,broken clouds,2022-01-12 00:15:15
392,Coahuayana,MX,18.7333,-103.6833,87.28,53,95,3.53,overcast clouds,2022-01-12 00:15:15
393,Willowmore,ZA,-33.2926,23.4895,62.04,77,94,10.63,overcast clouds,2022-01-12 00:15:16
394,Ilebo,CD,-4.3167,20.5833,72.5,97,96,1.1,light rain,2022-01-12 00:15:16
395,Faanui,PF,-16.4833,-151.75,81.9,74,99,13.76,overcast clouds,2022-01-12 00:07:56
396,Svobodnyy,RU,51.4,128.1333,-27.08,99,93,2.24,overcast clouds,2022-01-12 00:15:16
397,Steamboat Springs,US,40.485,-106.8317,31.71,65,1,0.0,clear sky,2022-01-12 00:12:29
398,Xining,CN,36.6167,101.7667,17.6,46,85,1.95,overcast clouds,2022-01-12 00:15:17
399,Dingle,PH,10.9995,122.6711,77.4,85,22,9.46,few clouds,2022-01-12 00:11:03
400,Umm Kaddadah,SD,13.6017,26.6876,70.9,28,5,14.88,clear sky,2022-01-12 00:12:04
401,Pacific Grove,US,36.6177,-121.9166,69.48,57,1,1.01,clear sky,2022-01-12 00:11:04
402,Kalmar,SE,56.6616,16.3616,34.97,93,90,6.91,light snow,2022-01-12 00:15:18
403,Graaff-Reinet,ZA,-32.2522,24.5308,62.92,75,43,3.36,scattered clouds,2022-01-12 00:15:18
404,Mandal,IN,25.45,74.5667,47.82,76,0,5.93,clear sky,2022-01-12 00:15:18
405,Hauterive,FR,46.0901,3.4459,32.76,94,2,1.72,clear sky,2022-01-12 00:08:32
406,Makakilo City,US,21.3469,-158.0858,77.32,56,100,11.5,overcast clouds,2022-01-12 00:08:15
407,Raudeberg,NO,61.9875,5.1352,43.86,85,87,18.01,overcast clouds,2022-01-12 00:15:19
408,Young,UY,-32.6833,-57.6333,89.22,21,1,3.91,clear sky,2022-01-12 00:15:19
409,Tikapur,NP,28.5,81.1333,53.56,93,2,3.22,clear sky,2022-01-12 00:15:20
410,Tevaitoa,PF,-16.7833,-151.5,81.09,77,100,13.18,light rain,2022-01-12 00:15:20
411,Tabriz,IR,38.08,46.2919,33.26,93,75,0.0,mist,2022-01-12 00:10:57
412,Vila Velha,BR,-20.3297,-40.2925,79.95,83,20,8.99,few clouds,2022-01-12 00:08:06
413,Sassandra,CI,4.95,-6.0833,78.44,87,100,6.69,overcast clouds,2022-01-12 00:15:21
414,Shenjiamen,CN,29.9576,122.298,41.02,62,8,8.39,clear sky,2022-01-12 00:10:56
415,Port Blair,IN,11.6667,92.75,79.61,72,86,9.46,overcast clouds,2022-01-12 00:08:22
416,Langue,HN,13.6208,-87.6525,90.64,41,59,8.34,broken clouds,2022-01-12 00:15:21
417,Kologriv,RU,58.8275,44.3178,-8.54,97,6,5.1,clear sky,2022-01-12 00:15:21
418,Smithers,CA,54.7804,-127.1743,32.32,100,100,4.61,overcast clouds,2022-01-12 00:15:22
419,Aloleng,PH,16.1307,119.7824,74.41,76,11,7.29,few clouds,2022-01-12 00:08:09
420,Ust-Maya,RU,60.4167,134.5333,-14.3,98,99,0.58,overcast clouds,2022-01-12 00:15:22
421,Silifke,TR,36.3778,33.9344,55.31,84,100,6.38,overcast clouds,2022-01-12 00:15:22
422,Vanavara,RU,60.34,102.2797,0.36,99,100,1.54,overcast clouds,2022-01-12 00:15:23
423,Morgan City,US,29.6994,-91.2068,52.03,43,1,0.0,clear sky,2022-01-12 00:15:23
424,Moranbah,AU,-22.0016,148.0466,84.54,39,8,16.55,clear sky,2022-01-12 00:10:36
425,Bad Wurzach,DE,47.9,9.9,29.19,90,7,5.57,clear sky,2022-01-12 00:15:23
426,Khabary,RU,53.6259,79.5345,-2.85,94,100,5.95,overcast clouds,2022-01-12 00:15:24
427,Maniitsoq,GL,65.4167,-52.9,11.73,88,100,6.82,light snow,2022-01-12 00:09:43
428,Yarmouth,US,41.7057,-70.2286,17.71,62,0,15.01,clear sky,2022-01-12 00:15:24
429,Trelew,AR,-43.249,-65.3051,70.2,42,0,25.77,clear sky,2022-01-12 00:08:33
430,Gamba,GA,-2.65,10.0,76.32,86,100,4.43,overcast clouds,2022-01-12 00:15:25
431,Bannu,PK,32.9854,70.6027,51.26,39,7,4.94,clear sky,2022-01-12 00:15:25
432,Mount Isa,AU,-20.7333,139.5,89.37,45,40,16.11,scattered clouds,2022-01-12 00:10:30
433,Shache,CN,38.4167,77.2406,21.43,50,0,1.14,clear sky,2022-01-12 00:10:19
434,Rabo De Peixe,PT,37.8,-25.5833,62.11,98,40,17.27,scattered clouds,2022-01-12 00:15:26
435,Sangar,RU,63.9242,127.4739,-23.42,96,100,4.34,overcast clouds,2022-01-12 00:15:27
436,Lavrentiya,RU,65.5833,-171.0,-11.38,92,56,10.54,broken clouds,2022-01-12 00:08:09
437,Lichtenburg,ZA,-26.152,26.1597,63.99,80,63,1.81,broken clouds,2022-01-12 00:15:27
438,Camana,PE,-16.6228,-72.7111,72.25,84,99,7.76,overcast clouds,2022-01-12 00:15:27
439,Plateros,MX,23.2167,-102.85,63.72,42,97,12.77,overcast clouds,2022-01-12 00:15:28
440,Hisor,TJ,38.525,68.5512,40.75,31,100,3.13,overcast clouds,2022-01-12 00:15:28
441,Goure,NE,13.9835,10.2704,65.01,11,27,8.28,scattered clouds,2022-01-12 00:15:29
442,Staryy Nadym,RU,65.6118,72.6842,-1.66,98,78,7.0,broken clouds,2022-01-12 00:11:23
443,Nuevo Progreso,MX,23.1667,-97.95,63.59,61,96,4.0,overcast clouds,2022-01-12 00:15:29
444,Walla Walla,US,46.0646,-118.343,52.21,81,100,0.0,overcast clouds,2022-01-12 00:15:30
445,Laguna,US,38.421,-121.4238,62.44,66,0,1.99,clear sky,2022-01-12 00:11:10
446,Jilotzingo,MX,19.87,-99.0578,59.68,66,94,11.88,overcast clouds,2022-01-12 00:15:30
447,Tselinnoye,RU,53.0833,85.6667,-7.06,100,100,3.49,overcast clouds,2022-01-12 00:15:30
448,Punto Fijo,VE,11.6956,-70.1996,77.59,77,93,17.67,overcast clouds,2022-01-12 00:15:31
449,Asau,RO,46.4333,26.4,24.96,68,66,5.68,broken clouds,2022-01-12 00:09:56
450,Gaborone,BW,-24.6545,25.9086,67.91,100,0,6.91,clear sky,2022-01-12 00:15:31
451,Ostrovnoy,RU,68.0531,39.5131,16.36,89,100,28.12,overcast clouds,2022-01-12 00:10:11
452,Benevento,IT,41.2179,14.7464,44.46,78,45,9.91,scattered clouds,2022-01-12 00:15:32
453,Sao Gabriel Da Cachoeira,BR,-0.1303,-67.0892,78.82,74,96,2.3,overcast clouds,2022-01-12 00:15:32
454,Acapulco,MX,16.8634,-99.8901,82.22,69,1,6.91,clear sky,2022-01-12 00:11:45
455,Rochester,US,43.1548,-77.6156,14.67,75,68,4.0,broken clouds,2022-01-12 00:12:17
456,Marzuq,YE,14.4,46.4667,61.07,37,2,3.67,clear sky,2022-01-12 00:11:43
457,Bressanone,IT,46.715,11.656,28.45,72,7,4.94,clear sky,2022-01-12 00:15:33
458,Bambanglipuro,ID,-7.95,110.2833,76.48,85,100,3.83,overcast clouds,2022-01-12 00:15:33
459,Bonthe,SL,7.5264,-12.505,80.13,82,45,8.25,scattered clouds,2022-01-12 00:11:48
460,Saint-Paul,RE,-21.0096,55.2707,77.11,76,100,7.83,overcast clouds,2022-01-12 00:15:34
461,Kavaratti,IN,10.5669,72.642,78.6,74,100,12.64,overcast clouds,2022-01-12 00:08:19
462,Lompoc,US,34.6391,-120.4579,73.78,30,0,5.75,clear sky,2022-01-12 00:07:15
463,Motala,SE,58.5371,15.0365,35.38,94,100,13.38,overcast clouds,2022-01-12 00:15:35
464,Abancay,PE,-13.6339,-72.8814,59.68,86,99,5.28,overcast clouds,2022-01-12 00:15:35
465,Vanimo,PG,-2.6741,141.3028,81.28,85,81,5.7,broken clouds,2022-01-12 00:10:54
466,Turukhansk,RU,65.8167,87.9833,-17.54,98,92,4.68,overcast clouds,2022-01-12 00:08:14
467,Almeirim,BR,-1.5233,-52.5817,74.05,95,100,3.27,overcast clouds,2022-01-12 00:15:35
468,Wahiawa,US,21.5028,-158.0236,75.52,61,90,11.5,overcast clouds,2022-01-12 00:12:45
469,Xinyu,CN,27.8043,114.9334,39.83,77,3,1.12,clear sky,2022-01-12 00:15:36
470,Teguise,ES,29.0605,-13.564,57.42,82,20,9.22,few clouds,2022-01-12 00:15:36
471,Cidreira,BR,-30.1811,-50.2056,72.86,85,0,11.41,clear sky,2022-01-12 00:08:21
472,Namanyere,TZ,-7.5167,31.05,61.23,88,100,3.18,overcast clouds,2022-01-12 00:15:37
473,Loikaw,MM,19.6742,97.2094,61.21,53,100,2.39,overcast clouds,2022-01-12 00:15:37
474,Manadhoo,MV,5.7667,73.3833,81.27,75,93,9.15,overcast clouds,2022-01-12 00:08:35
475,Ulladulla,AU,-35.35,150.4667,70.77,91,100,11.86,overcast clouds,2022-01-12 00:15:38
476,Orlik,RU,52.5178,99.825,-10.03,91,96,4.14,overcast clouds,2022-01-12 00:15:38
477,Samarai,PG,-10.6167,150.6667,84.63,71,89,8.37,overcast clouds,2022-01-12 00:15:38
478,Hirara,JP,24.8,125.2833,60.96,58,100,17.72,overcast clouds,2022-01-12 00:09:43
479,Hay River,CA,60.8156,-115.7999,-2.45,97,100,7.07,light snow,2022-01-12 00:08:59
480,Prieska,ZA,-29.6641,22.7474,79.16,29,31,5.79,scattered clouds,2022-01-12 00:09:57
481,Northam,GB,51.0333,-4.2167,44.91,86,10,4.94,clear sky,2022-01-12 00:15:39
482,Paita,PE,-5.0892,-81.1144,73.96,84,64,14.16,broken clouds,2022-01-12 00:15:39
483,High Level,CA,58.5169,-117.136,-4.13,98,100,4.5,overcast clouds,2022-01-12 00:08:13
484,Beloha,MG,-25.1667,45.05,74.19,83,15,11.7,few clouds,2022-01-12 00:09:33
485,Daud Khel,PK,32.875,71.5701,51.4,45,1,2.82,clear sky,2022-01-12 00:15:40
486,Ures,MX,29.4333,-110.4,71.71,34,100,5.68,overcast clouds,2022-01-12 00:15:40
487,Sibu,MY,2.3,111.8167,75.51,100,40,0.0,scattered clouds,2022-01-12 00:15:41
488,Saint-Augustin,CA,51.226,-58.6502,-7.02,86,98,9.42,overcast clouds,2022-01-12 00:08:53
489,Angoche,MZ,-16.2325,39.9086,75.45,91,92,8.34,overcast clouds,2022-01-12 00:15:41
490,Xiaolan,CN,22.6731,113.2295,57.15,48,18,6.58,few clouds,2022-01-12 00:15:42
491,Ahipara,NZ,-35.1667,173.1667,75.52,56,1,7.25,clear sky,2022-01-12 00:09:27
492,Zyryanka,RU,65.75,150.85,-33.38,100,25,2.15,scattered clouds,2022-01-12 00:15:42
493,Santa Vitoria Do Palmar,BR,-33.5189,-53.3681,72.55,68,0,6.8,light rain,2022-01-12 00:15:42
494,Constitucion,CL,-35.3333,-72.4167,61.38,90,18,5.5,few clouds,2022-01-12 00:05:56
495,Tynda,RU,55.1667,124.7167,-18.63,95,100,2.35,overcast clouds,2022-01-12 00:15:43
496,Conceicao Do Araguaia,BR,-8.2578,-49.2647,74.5,93,100,4.23,overcast clouds,2022-01-12 00:15:43
497,Yangjiang,CN,21.85,111.9667,52.56,66,28,6.53,scattered clouds,2022-01-12 00:09:03
498,Sambava,MG,-14.2667,50.1667,73.71,92,100,5.44,light rain,2022-01-12 00:15:44
499,Komsomolskiy,UZ,40.4272,71.7189,31.42,43,48,1.7,scattered clouds,2022-01-12 00:09:48
500,Harrisonville,US,38.6533,-94.3488,54.57,37,1,10.36,clear sky,2022-01-12 00:11:28
501,Kysyl-Syr,RU,63.8986,122.7617,-19.77,100,100,2.17,overcast clouds,2022-01-12 00:15:44
502,Chimbote,PE,-9.0853,-78.5783,71.42,82,7,8.88,clear sky,2022-01-12 00:08:43
503,Sioux Lookout,CA,50.1001,-91.917,12.58,85,100,6.91,overcast clouds,2022-01-12 00:15:45
504,Kupang,ID,-10.1667,123.5833,84.78,89,75,10.36,broken clouds,2022-01-12 00:15:45
505,Oktyabrskiy,RU,54.4815,53.471,1.02,99,96,2.48,overcast clouds,2022-01-12 00:15:45
506,Shimoda,JP,34.6667,138.95,43.11,54,0,33.04,clear sky,2022-01-12 00:11:09
507,Great Yarmouth,GB,52.6083,1.7305,41.23,82,78,7.81,broken clouds,2022-01-12 00:15:46
508,Chibuto,MZ,-24.6867,33.5306,74.19,87,54,1.9,broken clouds,2022-01-12 00:15:46
509,Tateyama,JP,34.9833,139.8667,46.15,47,50,0.74,scattered clouds,2022-01-12 00:15:47
510,Arys,KZ,42.4252,68.795,35.82,46,100,3.71,overcast clouds,2022-01-12 00:15:47
511,Kozulka,UA,50.0351,23.797,25.09,94,66,5.17,broken clouds,2022-01-12 00:15:48
512,Maun,BW,-19.9833,23.4167,67.96,100,100,8.05,light rain,2022-01-12 00:15:26
513,Lae,PG,-6.7221,146.9847,84.15,77,95,0.56,overcast clouds,2022-01-12 00:15:48
514,Houma,US,29.5958,-90.7195,53.01,47,0,5.75,clear sky,2022-01-12 00:07:25
515,Sarakhs,IR,36.5449,61.1577,48.34,66,99,11.5,overcast clouds,2022-01-12 00:15:49
516,Santiago,CL,-33.4569,-70.6483,80.29,44,0,13.8,clear sky,2022-01-12 00:15:09
517,Ghorawal,IN,24.7667,82.7833,57.11,91,21,3.49,few clouds,2022-01-12 00:15:49
518,Dzhebariki-Khaya,RU,62.2167,135.8,-22.23,98,97,0.2,overcast clouds,2022-01-12 00:15:50
519,Burnie,AU,-41.0667,145.9167,66.94,66,19,7.7,few clouds,2022-01-12 00:09:58
520,Lensk,RU,60.7253,114.9278,-3.89,94,97,5.79,overcast clouds,2022-01-12 00:15:50
521,Kuching,MY,1.55,110.3333,73.62,100,40,0.0,scattered clouds,2022-01-12 00:15:51
522,Talakan,RU,50.3167,130.3667,-22.94,99,54,0.78,broken clouds,2022-01-12 00:15:51
523,Zhigansk,RU,66.7697,123.3711,-17.64,96,100,12.82,overcast clouds,2022-01-12 00:10:46
524,Chapleau,CA,47.8405,-83.4034,12.29,79,100,16.11,overcast clouds,2022-01-12 00:15:52
525,Irece,BR,-11.3042,-41.8558,70.43,81,97,6.29,overcast clouds,2022-01-12 00:15:52
526,Kurchum,KZ,48.5722,83.6542,-9.09,94,14,2.3,few clouds,2022-01-12 00:15:53
527,Palaikastron,GR,35.2,26.25,54.75,75,23,12.17,few clouds,2022-01-12 00:15:53
528,Cairns,AU,-16.9167,145.7667,86.07,91,75,5.75,shower rain,2022-01-12 00:15:53
529,Podsineye,RU,53.6658,91.5364,3.2,92,91,2.24,mist,2022-01-12 00:15:54
530,Mogadishu,SO,2.0371,45.3438,77.05,80,39,19.75,scattered clouds,2022-01-12 00:10:29
531,Novikovo,RU,51.1537,37.8879,10.0,93,96,9.84,overcast clouds,2022-01-12 00:15:54
532,Lagoa,PT,39.05,-27.9833,61.09,87,17,16.13,few clouds,2022-01-12 00:08:10
533,Banjarmasin,ID,-3.3244,114.591,75.34,97,98,1.83,overcast clouds,2022-01-12 00:13:27
534,Jacareacanga,BR,-6.2222,-57.7528,73.99,95,85,2.8,overcast clouds,2022-01-12 00:15:55
535,Mayo,US,38.8876,-76.5119,25.9,58,3,1.01,clear sky,2022-01-12 00:08:24
536,Three Hills,CA,51.7001,-113.2686,44.35,69,49,2.3,scattered clouds,2022-01-12 00:15:56
537,Jackson,US,42.4165,-122.8345,55.36,70,0,3.44,clear sky,2022-01-12 00:15:12
538,Barcelona,ES,41.3888,2.159,53.69,81,75,1.99,broken clouds,2022-01-12 00:12:02
539,Olafsvik,IS,64.8945,-23.7142,36.25,73,83,50.24,light rain,2022-01-12 00:10:05
540,Ketchikan,US,55.3422,-131.6461,42.78,100,100,10.36,light rain,2022-01-12 00:06:50
541,Along,IN,28.1667,94.7667,53.46,71,77,0.81,broken clouds,2022-01-12 00:15:56
542,Takoradi,GH,4.8845,-1.7554,80.85,80,92,8.41,overcast clouds,2022-01-12 00:15:57
543,Puerto Cabello,VE,10.4731,-68.0125,75.42,78,13,7.27,few clouds,2022-01-12 00:15:57
544,Flagstaff,US,35.1981,-111.6513,53.31,40,0,5.75,clear sky,2022-01-12 00:14:31
545,Omsukchan,RU,62.5333,155.8,-20.92,100,69,2.33,broken clouds,2022-01-12 00:15:57
546,Boddam,GB,57.4667,-1.7833,47.39,83,98,17.31,overcast clouds,2022-01-12 00:15:58
547,Nara,JP,34.6851,135.8049,40.28,59,46,12.1,scattered clouds,2022-01-12 00:15:58
548,Faya,SA,18.3851,42.4509,50.52,52,0,1.9,clear sky,2022-01-12 00:09:28
549,Sinop,TR,41.7711,34.8709,43.14,98,100,2.73,overcast clouds,2022-01-12 00:15:59
550,Arlit,NE,18.7369,7.3853,62.13,11,71,3.69,broken clouds,2022-01-12 00:07:59
551,Grindavik,IS,63.8424,-22.4338,37.35,80,75,42.57,light shower snow,2022-01-12 00:15:59
552,Carutapera,BR,-1.195,-46.02,76.59,85,91,5.75,overcast clouds,2022-01-12 00:10:11
553,Amga,RU,60.8953,131.9608,-14.24,96,100,0.98,overcast clouds,2022-01-12 00:12:17
554,Porto Santo,PT,33.072,-16.3415,62.98,59,75,11.5,broken clouds,2022-01-12 00:16:00
555,Estevan,CA,49.1334,-102.9842,34.14,86,100,8.05,overcast clouds,2022-01-12 00:16:00
556,Edgewater,US,28.9889,-80.9023,66.22,55,75,18.41,broken clouds,2022-01-12 00:16:00
557,Bozeman,US,45.6796,-111.0386,38.62,67,75,1.01,broken clouds,2022-01-12 00:16:01
558,Vaitape,PF,-16.5167,-151.75,80.04,80,99,11.97,moderate rain,2022-01-12 00:16:01
559,Shieli,KZ,44.1667,66.75,35.02,61,100,7.7,overcast clouds,2022-01-12 00:16:02
560,Armidale,AU,-30.5167,151.65,76.8,43,15,4.79,few clouds,2022-01-12 00:16:02
561,Sabha,LY,27.0377,14.4283,49.73,58,64,8.84,broken clouds,2022-01-12 00:16:02
562,Viedma,AR,-40.8135,-62.9967,67.93,40,0,16.02,clear sky,2022-01-12 00:16:03
563,Bonga,ET,7.2833,36.2333,61.63,89,100,2.55,overcast clouds,2022-01-12 00:16:03
564,Rio Grande,BR,-32.035,-52.0986,71.1,88,0,9.84,clear sky,2022-01-12 00:14:16
565,Saint Augustine,US,29.8947,-81.3145,62.65,75,100,20.71,overcast clouds,2022-01-12 00:16:04
566,Kiama,AU,-34.6833,150.8667,73.99,94,97,1.99,overcast clouds,2022-01-12 00:14:13
567,Suda,RU,59.1525,37.5582,-9.44,100,23,3.27,few clouds,2022-01-12 00:16:05
568,Bonavista,CA,48.6499,-53.1147,20.12,54,81,19.57,broken clouds,2022-01-12 00:16:05
569,Hanna,CA,51.6334,-111.9018,41.2,71,43,7.0,scattered clouds,2022-01-12 00:16:06
570,Vredendal,ZA,-31.6683,18.5012,66.78,69,2,2.35,clear sky,2022-01-12 00:16:06
571,Haines Junction,CA,60.7522,-137.5108,29.59,95,97,4.23,overcast clouds,2022-01-12 00:08:38
572,Yeppoon,AU,-23.1333,150.7333,80.38,69,90,13.8,overcast clouds,2022-01-12 00:16:07
573,Kapoeta,SS,4.7717,33.5903,82.54,35,100,12.97,overcast clouds,2022-01-12 00:16:07
574,Roald,NO,62.5833,6.1333,43.32,87,100,29.93,moderate rain,2022-01-12 00:16:07
575,Kontagora,NG,10.3999,5.4695,76.75,21,54,4.79,broken clouds,2022-01-12 00:16:08
576,Trairi,BR,-3.2778,-39.2689,78.3,79,65,7.14,broken clouds,2022-01-12 00:16:08
577,Hami,CN,42.8,93.45,22.06,54,3,7.43,clear sky,2022-01-12 00:11:42
578,Liku,ID,-0.7275,119.8922,75.74,93,100,2.04,overcast clouds,2022-01-12 00:16:09
579,Gashua,NG,12.871,11.0482,66.61,17,3,9.01,clear sky,2022-01-12 00:16:09
580,Oistins,BB,13.0667,-59.5333,76.57,70,43,12.8,scattered clouds,2022-01-12 00:16:09
581,Ipixuna,BR,-1.7625,-48.8043,78.75,95,100,3.15,overcast clouds,2022-01-12 00:16:10
582,Cabimas,VE,10.3883,-71.4399,80.69,62,93,15.7,overcast clouds,2022-01-12 00:16:10
583,Nome,US,64.5011,-165.4064,14.07,48,0,6.91,clear sky,2022-01-12 00:09:09
584,Satoraljaujhely,HU,48.4,21.6667,29.35,72,21,17.49,few clouds,2022-01-12 00:16:11
585,Vakhrushev,RU,48.9833,142.9667,15.58,88,100,17.96,overcast clouds,2022-01-12 00:16:11
586,Karratha,AU,-20.7377,116.8463,92.86,35,40,4.27,scattered clouds,2022-01-12 00:08:37
587,Saint-Pierre,RE,-21.3393,55.4781,76.68,81,100,5.75,overcast clouds,2022-01-12 00:16:11
588,Mattawa,US,46.7379,-119.9028,37.38,99,100,2.21,overcast clouds,2022-01-12 00:16:12
589,Prince George,CA,53.9166,-122.753,39.25,81,75,7.76,broken clouds,2022-01-12 00:13:53
590,Arman,RU,59.7,150.1667,-3.42,87,44,6.58,scattered clouds,2022-01-12 00:10:48
591,Markova,UA,48.6758,24.4138,16.38,96,100,4.5,overcast clouds,2022-01-12 00:16:12
592,Aksarka,RU,66.5606,67.7975,-13.5,99,50,4.12,scattered clouds,2022-01-12 00:09:04
593,Olinda,BR,-8.0089,-34.8553,82.13,74,75,9.22,broken clouds,2022-01-12 00:16:13
594,Fukue,JP,32.6881,128.8419,37.76,60,75,12.66,broken clouds,2022-01-12 00:16:13
595,Byron Bay,AU,-28.65,153.6167,82.35,56,21,7.2,few clouds,2022-01-12 00:08:11
596,Shangqiu,CN,34.45,115.65,31.44,85,4,6.02,clear sky,2022-01-12 00:16:14
597,Arroio Grande,BR,-32.2375,-53.0869,70.7,69,0,7.11,clear sky,2022-01-12 00:16:14
598,Redmond,US,47.674,-122.1215,54.34,89,100,8.99,light rain,2022-01-12 00:16:14
599,Ziyang,CN,29.2497,117.8547,37.96,80,0,2.66,clear sky,2022-01-12 00:16:15
600,Bac Lieu,VN,9.285,105.7244,75.9,75,49,17.38,scattered clouds,2022-01-12 00:16:15
601,Khani,GE,41.9563,42.9566,42.37,69,87,7.27,overcast clouds,2022-01-12 00:16:15
602,Birnin Kebbi,NG,12.4539,4.1975,71.74,17,68,8.03,broken clouds,2022-01-12 00:16:16
603,Tutoia,BR,-2.7619,-42.2744,80.58,85,98,8.16,light rain,2022-01-12 00:16:16
604,Pangody,RU,65.85,74.4859,-20.29,100,43,7.09,scattered clouds,2022-01-12 00:08:22
605,Mount Gambier,AU,-37.8333,140.7667,77.61,44,96,9.82,overcast clouds,2022-01-12 00:05:35
606,Piacabucu,BR,-10.4056,-36.4344,78.08,73,75,9.84,broken clouds,2022-01-12 00:16:17
607,Teya,RU,60.3778,92.6267,5.54,95,100,4.79,overcast clouds,2022-01-12 00:10:04
608,Oranjemund,NA,-28.55,16.4333,64.71,93,5,15.52,clear sky,2022-01-12 00:11:57
609,Launceston,AU,-41.45,147.1667,72.61,55,1,5.01,clear sky,2022-01-12 00:16:18
610,Santa Rosa,PH,14.3122,121.1114,79.86,73,63,10.71,broken clouds,2022-01-12 00:10:08
611,Mitsamiouli,KM,-11.3847,43.2844,83.77,69,98,13.35,overcast clouds,2022-01-12 00:11:12
612,Igrim,RU,63.1906,64.4162,5.47,94,59,6.31,broken clouds,2022-01-12 00:11:40
613,Moengo,SR,5.6167,-54.4,72.55,93,56,2.26,broken clouds,2022-01-12 00:16:18
614,Eisenstadt,AT,47.8457,16.5233,28.71,63,5,14.83,clear sky,2022-01-12 00:16:18
615,Harindanga,IN,22.0383,88.3214,64.38,68,100,4.9,overcast clouds,2022-01-12 00:16:19
616,Tulun,RU,54.5611,100.5792,9.37,88,100,5.37,overcast clouds,2022-01-12 00:16:20
617,Kvarkeno,RU,52.0833,59.725,10.78,95,100,6.89,overcast clouds,2022-01-12 00:16:20
618,Narrabri,AU,-30.3167,149.7833,85.51,53,82,3.0,broken clouds,2022-01-12 00:16:20
619,Moncagua,SV,13.5333,-88.25,89.89,43,0,0.0,clear sky,2022-01-12 00:16:21
620,Abu Dhabi,AE,24.4667,54.3667,66.96,82,85,2.3,overcast clouds,2022-01-12 00:16:21
621,Qaqortoq,GL,60.7167,-46.0333,12.7,89,57,5.88,broken clouds,2022-01-12 00:09:52
622,Arinos,BR,-15.9169,-46.1056,70.81,92,100,0.34,overcast clouds,2022-01-12 00:16:21
623,Jaboticabal,BR,-21.2547,-48.3222,74.73,94,86,4.85,overcast clouds,2022-01-12 00:16:22
624,Umm Lajj,SA,25.0213,37.2685,71.56,59,0,7.58,clear sky,2022-01-12 00:16:22
625,Ligayan,PH,4.6533,119.4706,82.45,74,100,13.49,overcast clouds,2022-01-12 00:16:22
626,Lixourion,GR,38.2019,20.4314,51.21,60,100,17.16,overcast clouds,2022-01-12 00:16:23
627,Anchorage,US,61.2181,-149.9003,35.64,93,100,3.0,overcast clouds,2022-01-12 00:12:01
628,Filadelfia,US,39.9523,-75.1638,21.94,51,1,1.01,clear sky,2022-01-12 00:13:18
629,Doha,QA,25.2867,51.5333,59.31,82,0,1.14,clear sky,2022-01-12 00:16:23
630,Novooleksiyivka,UA,46.2269,34.6428,25.61,70,24,16.11,few clouds,2022-01-12 00:16:23
631,Fare,PF,-16.7,-151.0167,81.01,75,91,11.59,overcast clouds,2022-01-12 00:16:24
632,Sault Sainte Marie,CA,46.5168,-84.3333,19.96,73,100,12.66,overcast clouds,2022-01-12 00:13:31
633,Tadine,NC,-21.55,167.8833,80.55,81,97,20.33,overcast clouds,2022-01-12 00:16:24
634,Panji,ID,-7.7253,114.0995,77.63,87,100,3.18,overcast clouds,2022-01-12 00:16:25
635,Ontario,US,34.0633,-117.6509,76.32,16,20,6.91,few clouds,2022-01-12 00:13:06
636,Asfi,MA,32.2994,-9.2372,58.08,86,97,7.61,overcast clouds,2022-01-12 00:16:25
637,Seoul,KR,37.5683,126.9778,17.17,53,0,2.3,clear sky,2022-01-12 00:16:12
638,Borogontsy,RU,62.6683,131.1683,-21.6,96,96,2.28,overcast clouds,2022-01-12 00:16:25
639,Itambacuri,BR,-18.0311,-41.685,72.55,92,78,3.6,broken clouds,2022-01-12 00:16:26
640,Sorland,NO,67.667,12.6934,40.68,93,100,39.28,overcast clouds,2022-01-12 00:08:27
641,Iranshahr,IR,27.2025,60.6848,48.54,61,0,4.61,clear sky,2022-01-12 00:16:26
642,Adrar,MR,20.5022,-10.0711,59.76,13,74,9.15,broken clouds,2022-01-12 00:09:55
643,Srednekolymsk,RU,67.45,153.6833,-34.76,100,30,1.66,scattered clouds,2022-01-12 00:08:29
644,Cocobeach,GA,1.0002,9.5823,79.0,81,79,1.92,broken clouds,2022-01-12 00:16:27
645,Maragogi,BR,-9.0122,-35.2225,78.33,74,50,7.78,scattered clouds,2022-01-12 00:11:28
646,Xianshuigu,CN,38.985,117.3828,28.4,69,100,2.24,overcast clouds,2022-01-12 00:16:27
647,Presidente Epitacio,BR,-21.7633,-52.1156,69.51,85,85,4.5,overcast clouds,2022-01-12 00:16:28
648,Imbituba,BR,-28.24,-48.6703,75.09,90,82,4.54,broken clouds,2022-01-12 00:16:28
649,Half Moon Bay,US,37.4636,-122.4286,66.54,58,0,11.5,haze,2022-01-12 00:16:28
650,Palana,RU,59.1167,159.9667,3.9,91,100,3.87,overcast clouds,2022-01-12 00:16:29
651,Muroto,JP,33.2833,134.15,41.04,55,43,15.84,scattered clouds,2022-01-12 00:16:29
652,Victor Harbor,AU,-35.5667,138.6167,93.2,50,52,10.63,broken clouds,2022-01-12 00:16:29
653,Mamallapuram,IN,12.6264,80.1722,79.05,76,73,5.06,broken clouds,2022-01-12 00:16:30
654,Kokopo,PG,-4.352,152.2633,84.87,67,29,9.6,scattered clouds,2022-01-12 00:16:30
655,Masakin,TN,35.7292,10.5808,50.2,71,40,11.5,scattered clouds,2022-01-12 00:16:30
656,Springbok,ZA,-29.6643,17.8865,67.06,54,0,4.92,clear sky,2022-01-12 00:16:30
657,Albert Lea,US,43.648,-93.3683,39.33,70,0,11.5,clear sky,2022-01-12 00:16:31
658,Veisiejai,LT,54.1,23.7,16.23,90,6,2.01,clear sky,2022-01-12 00:16:31
659,Ihosy,MG,-22.4,46.1167,67.75,93,89,4.63,overcast clouds,2022-01-12 00:16:31
660,Terra Santa,BR,-2.1042,-56.4869,80.1,68,100,0.81,light rain,2022-01-12 00:16:32
661,Leland,US,34.2563,-78.0447,38.07,51,1,5.75,clear sky,2022-01-12 00:12:15
662,Havre-Saint-Pierre,CA,50.2334,-63.5986,0.19,54,0,14.97,clear sky,2022-01-12 00:16:32
663,Norden,DE,53.6,7.2,37.99,97,100,10.96,overcast clouds,2022-01-12 00:16:32
664,Polovinnoye,RU,54.7914,65.9864,2.19,96,97,5.41,overcast clouds,2022-01-12 00:16:33
665,Kemptville,CA,45.0168,-75.641,5.95,69,45,2.3,scattered clouds,2022-01-12 00:16:33
666,Torbat-E Jam,IR,35.244,60.6225,42.31,63,82,1.83,broken clouds,2022-01-12 00:16:33
667,Bidor,MY,4.1139,101.2884,73.38,82,24,3.8,few clouds,2022-01-12 00:16:34
668,Nizwa,OM,22.9333,57.5333,59.86,64,0,2.91,clear sky,2022-01-12 00:11:30
669,Chirongui,YT,-12.9319,45.1483,82.33,74,94,10.98,overcast clouds,2022-01-12 00:16:34
670,Hoquiam,US,46.9809,-123.8893,53.96,92,100,21.85,overcast clouds,2022-01-12 00:16:35
671,Primalkinskoye,RU,43.7467,44.0083,32.85,93,31,3.15,scattered clouds,2022-01-12 00:16:35
